기관명,시도,시군구,주소,전화,유형
강릉시자살예방센터,강원도,강릉시,"강원 강릉시 남구길23번길 24 3층, 4층",033-651-9668,기초 자살예방센터
강릉시정신건강복지센터,강원도,강릉시,"강원 강릉시 남구길23번길 24 3층, 4층",033-651-9668,기초 정신건강복지센터
강릉아산병원,강원도,강릉시,강원특별자치도 강릉시 사천면 방동길 38 강릉아산병원 사회복지unit,033-610-3114,생명사랑위기대응센터
고성군보건소 정신건강복지센터,강원도,고성군,강원도 고성군 간성읍 수성로 30,033-680-3856,기초 정신건강복지센터
동해시정신건강복지센터,강원도,동해시,강원도 동해시 청운로 96(쇄운동 157-1),033-533-0197,기초 정신건강복지센터
삼척시정신건강복지센터,강원도,삼척시,강원도 삼척시 척주로 76(남양동),033-574-0190,기초 정신건강복지센터
속초시정신건강복지센터,강원도,속초시,강원도 속초시 중앙로17번길 6 국립농산물품질관리원 ,033-633-4088,기초 정신건강복지센터
양구군정신건강복지센터,강원도,양구군,강원도 양구군 양구읍 관공서로 42 보건소 4층,033-480-2789,기초 정신건강복지센터
양양군정신건강복지센터,강원도,양양군,"강원도 양양군 양양읍 양양로 9-5, 2층 정신건강증진센터",033-673-0197,기초 정신건강복지센터
영월군보건소 정신건강복지센터,강원도,영월군,강원 영월군 영월읍 하송로 46-43 영월군 보건소,033-370-2556,기초 정신건강복지센터
원주시자살예방센터,강원도,원주시,강원도 원주시 원일로 139 건강문화센터 4층,033-746-0198,기초 자살예방센터
원주시정신건강복지센터,강원도,원주시,강원도 원주시 원일로 139 건강문화센터 4층,033-746-0199,기초 정신건강복지센터
연세대학교 원주세브란스기독병원,강원도,원주시,강원도 원주시 일산로 20 연세대학교원주세브란스기독병원 5층 생명사랑위기대응센터(낮병동 내),033-741-0114,생명사랑위기대응센터
인제군보건소 정신건강복지센터,강원도,인제군,강원도 인제군 인제읍 인제로 140번길 34,033-461-7427,기초 정신건강복지센터
정선군보건소 정신건강복지센터,강원도,정선군,강원도 정선군 정선읍 녹송로 33,033-560-2729,기초 정신건강복지센터
철원군보건소 정신건강복지센터,강원도,철원군,강원도 철원군 갈말읍 군탄로16,033-450-5104,기초 정신건강복지센터
강원도자살예방센터,강원도,춘천시,강원도 춘천시 춘천로 306-5 유창프라자 3층,033-251-2294,광역 자살예방센터
강원도광역정신건강복지센터,강원도,춘천시,강원도 춘천시 춘천로 306-5 유창프라자 3층,033-251-1970,광역 정신건강복지센터
춘천시자살예방센터,강원도,춘천시,강원도 춘천시 효제길 35,033-241-4256,기초 자살예방센터
춘천시정신건강복지센터,강원도,춘천시,강원도 춘천시 효제길 35,033-242-7574,기초 정신건강복지센터
강원대학교병원,강원도,춘천시,강원도 춘천시 백령로 156 본관 2층 생명사랑위기대응사업단,033-258-2000,생명사랑위기대응센터
한림대학교 춘천성심병원,강원도,춘천시,강원도 춘천시 삭주로 77 한림대학교 춘천성심병원 본관 지하 1층 사회사업팀,033-240-5000,생명사랑위기대응센터
태백시정신건강복지센터,강원도,태백시,강원도 태백시 태백로 905,033-554-1378,기초 정신건강복지센터
평창군정신건강복지센터,강원도,평창군,강원도 평창군 평창읍 종부로 61,033-333-0199,기초 정신건강복지센터
홍천군자살예방센터,강원도,홍천군,강원도 홍천군 홍천읍 신장대로 5,033-435-7482,기초 자살예방센터
홍천군정신건강복지센터,강원도,홍천군,강원도 홍천군 홍천읍 신장대로5 홍천군건강증진센터 2층,033-435-7482,기초 정신건강복지센터
화천군보건소 정신건강복지센터,강원도,화천군,강원도 화천군 화천읍 강변로 111,033-440-2863,기초 정신건강복지센터
횡성군정신건강복지센터,강원도,횡성군,강원도 횡성군 횡성읍 횡성로 379 횡성보건소 2층,033-345-9901,기초 정신건강복지센터
가평군자살예방센터,경기도,가평군,경기도 가평군 가평읍 가화로 155-15 1층,031-581-8881,기초 자살예방센터
가평군정신건강복지센터,경기도,가평군,경기도 가평군 가평읍 가화로 155-15 1층,031-581-8881,기초 정신건강복지센터
인제대학교 일산백병원,경기도,고양시일산서구,경기도 고양시 일산서구 주화로 170,031-910-9792,생명사랑위기대응센터
과천시자살예방센터,경기도,과천시,경기도 과천시 관문로 69 과천시보건소 1층 정신건강복지센터,02-504-4440,기초 자살예방센터
과천시정신건강복지센터,경기도,과천시,경기도 과천시 관문로 69 과천시보건소 1층 정신건강복지센터,02-504-4440,기초 정신건강복지센터
광명시자살예방센터,경기도,광명시,경기도 광명시 오리로 613 광명시보건소 1층,02-2618-8255,기초 자살예방센터
광명시정신건강복지센터,경기도,광명시,"경기도 광명시 오리로 613, 3층(하안동)",02-897-7786~7,기초 정신건강복지센터
광주시자살예방센터(경기),경기도,광주시,경기도 광주시 파발로 194,031-762-8728,기초 자살예방센터
광주시정신건강복지센터(경기),경기도,광주시,경기도 광주시 파발로 194,031-762-8728,기초 정신건강복지센터
구리시자살예방센터,경기도,구리시,경기도 구리시 건원대로 34번길 84 보건소 3층,031-550-8642,기초 자살예방센터
구리시정신건강복지센터,경기도,구리시,경기도 구리시 건원대로 34번길 84 보건소 3층,031-523-8644,기초 정신건강복지센터
한양대학교구리병원,경기도,구리시,경기도 구리시 경춘로 153 한양대학교 구리병원 동관 1층 응급의학과 연구실,1644-9118,생명사랑위기대응센터
군포시자살예방센터,경기도,군포시,경기도 군포시 군포로 221,031-461-1771,기초 자살예방센터
군포시정신건강복지센터,경기도,군포시,경기도 군포시 군포로 221,031-461-1771,기초 정신건강복지센터
용인시자살예방센터,경기도,기흥구,"경기도 용인시 기흥구 신갈로 58번길 11, 3층",031-286-0949,기초 자살예방센터
용인시정신건강복지센터,경기도,기흥구,"경기도 용인시 기흥구 신갈로 58번길 11, 3층",031-286-0949,기초 정신건강복지센터
연세대학교 용인세브란스병원,경기도,기흥구,"경기도 용인시 기흥구 동백죽전대로 363, 사회사업팀",1899-1004,생명사랑위기대응센터
김포시자살예방센터,경기도,김포시,경기도 김포시 사우중로 108 김포시보건소 별관 2층,031-998-4005,기초 자살예방센터
김포시정신건강복지센터,경기도,김포시,경기도 김포시 사우중로 108 김포시보건소 별관 2층,031-998-4005,기초 정신건강복지센터
남양주시자살예방센터,경기도,남양주시,경기도 남양주시 경춘로 1037 남양주시청 신관 1층,031-592-5891,기초 자살예방센터
남양주시정신건강복지센터,경기도,남양주시,경기도 남양주시 경춘로 1037 남양주시청 신관 1층,031-592-5891,기초 정신건강복지센터
현대병원,경기도,남양주시,장현로 47번길 6-2 3층 사회사업팀 생명사랑위기대응센터,031-574-9119,생명사랑위기대응센터
고양시정신건강복지센터,경기도,덕양구,경기도 고양시 덕양구 고양시청로 13-6 현대빌딩 2층,031-968-2333,기초 정신건강복지센터
명지병원,경기도,덕양구,경기도 고양시 덕양구 화수로 14번길 16(화정동) S관 2층 생명사랑위기대응센터,031-810-5114,생명사랑위기대응센터
동두천시자살예방센터,경기도,동두천시,경기도 동두천시 중앙로 167 동두천시보건소 별관 2층,031-863-3632,기초 자살예방센터
동두천시정신건강복지센터,경기도,동두천시,경기도 동두천시 중앙로 167 동두천시보건소 별관 2층,031-863-3632,기초 정신건강복지센터
부천시자살예방센터,경기도,부천시,경기도 부천시 성오로 172 오정어울마당 3층,032-654-4024,기초 자살예방센터
부천시아동청소년정신건강복지센터,경기도,부천시,경기도 부천시 경인옛로 73 소사어울마당 4층,032-654-4024,기초 정신건강복지센터
부천시정신건강복지센터,경기도,부천시,경기도 부천시 성오로 172 오정어울마당 3층,032-654-4024,기초 정신건강복지센터
순천향대학교 부속 부천병원,경기도,부천시,경기도 부천시 조마루로 170 순천향대학교 부천병원 향설관 지하 3층 생명사랑위기대응센터,032-621-5114,생명사랑위기대응센터
분당서울대학교병원,경기도,성남시분당구,경기도 성남시 분당구 구미로173번길 82 분당서울대병원 1동 지하3층,1588-3369,생명사랑위기대응센터
차의과학대학교 분당차병원,경기도,성남시분당구,경기도 성남시 분당구 야탑로 59 분당차병원 암센터 지하1층,031-780-5000,생명사랑위기대응센터
성남시자살예방센터,경기도,성남시수정구,경기 성남시 수정구 수정로 218(신흥동 3435번지) 수정구보건소 5층,031-754-3220,기초 자살예방센터
성남시소아청소년정신건강복지센터,경기도,성남시수정구,경기도 성남시 수정구 수정로 218 수정구보건소 4층 ,031-751-2445,기초 정신건강복지센터
성남시정신건강복지센터,경기도,성남시수정구,경기도 성남시 수정구 수정로 218(신흥동 3435번지) 수정구보건소 5층,031-754-3220,기초 정신건강복지센터
수원시노인정신건강복지센터,경기도,수원시영통구,"경기도 수원시 영통구 영통로 396, 4층(영통동, 영통보건소)",031-273-7511,기초 정신건강복지센터
아주대학교의료원,경기도,수원시영통구,경기도 수원시 영통구 월드컵로 164 권역응급의료센터 5층 생명사랑위기대응센터,1688-6114,생명사랑위기대응센터
경기도자살예방센터,경기도,수원시장안구,경기도 수원시 장안구 수성로 245번길 69 (정자동) 경기도의료원 2층,031-212-0437,광역 자살예방센터
경기도정신건강복지센터,경기도,수원시장안구,경기도 수원시 장안구 수성로 245번길 69 (정자동) 경기도의료원 2층,031-212-0435-6,광역 정신건강복지센터
수원시행복정신건강복지센터,경기도,수원시장안구,"경기도 수원시 장안구 송원로 101, 1층(조원동 장안구청)",031-253-5737,기초 정신건강복지센터
수원시자살예방센터,경기도,수원시팔달구,경기 수원시 팔달구 동말로47번길 17,031-247-3279 (상담전화 031-214-7942),기초 자살예방센터
수원시성인정신건강복지센터,경기도,수원시팔달구,경기도 수원시 팔달구 매산로89(매산로3가),031-247-0888,기초 정신건강복지센터
수원시아동청소년정신건강센터,경기도,수원시팔달구,경기도 수원시 팔달구 동말로 47번길 17(화서동) ,031-242-5737,기초 정신건강복지센터
시흥시자살예방센터,경기도,시흥시,경기도 시흥시 호현로 55 시흥시보건소 5층,031-316-6661,기초 자살예방센터
시흥시정신건강복지센터,경기도,시흥시,경기도 시흥시 호현로 55 시흥시보건소 5층,031-316-6661,기초 정신건강복지센터
시화병원,경기도,시흥시,경기도 시흥시 군자천로 381 지하 1층 생명사랑위기대응센터,031-1811-7000,생명사랑위기대응센터
안산시정신건강복지센터,경기도,안산시단원구,경기도 안산시 단원구 화랑로 387 (고잔동),031-411-7573~4,기초 정신건강복지센터
고려대학교 안산병원,경기도,안산시단원구,경기도 안산시 단원구 적금로 123 미래의학관 3층 고려대학교 안산병원 생명사랑 위기대응센터(별관 3층),1577-7516,생명사랑위기대응센터
대아의료재단한도병원,경기도,안산시단원구,경기도 안산시 단원구 선부광장로 103,031-8040-1577,생명사랑위기대응센터
안산시자살예방센터,경기도,안산시상록구,경기도 안산시 상록구 차돌배기로1길5 상록수보건소 3층,031-418-0123,기초 자살예방센터
안성시자살예방센터,경기도,안성시,경기도 안성시 강변로 74번길 18 안성시보건소 4층 정신건강복지센터,031-678-5370,기초 자살예방센터
안성시정신건강복지센터,경기도,안성시,경기도 안성시 강변로 74번길 18 안성시보건소 4층 정신건강복지센터,031-678-5361~9,기초 정신건강복지센터
한림대학교성심병원,경기도,안양시동안구,경기도 안양시 동안구 관평로170번길 22 본관 지하 1층 사회사업팀,031-380-1500,생명사랑위기대응센터
안양시자살예방센터,경기도,안양시만안구,경기도 안양시 만안구 문예로 48 안양시보건소 만안보건과 5층,031-469-0207,기초 자살예방센터
안양시정신건강복지센터,경기도,안양시만안구,경기도 안양시 만안구 문예로 48 안양시보건소 만안보건과 5층,031-469-2989,기초 정신건강복지센터
양주시자살예방센터,경기도,양주시,경기도 양주시 삼숭로61번길 10(삼숭동) ,031-840-7320,기초 자살예방센터
양주시정신건강복지센터,경기도,양주시,경기도 양주시 삼숭로61번길 10(삼숭동) ,031-840-7320,기초 정신건강복지센터
양평군자살예방센터,경기도,양평군,"경기도 양평군 양평읍 중앙로111번길 34-21, 3층",031-773-1331,기초 자살예방센터
양평군정신건강복지센터,경기도,양평군,"경기도 양평군 양평읍 중앙로111번길 34-21, 3층",031-771-3521,기초 정신건강복지센터
여주시자살예방센터,경기도,여주시,경기 여주시 세종로 338번지 여주대학교 소통본부 2층,031-886-3435,기초 자살예방센터
여주시정신건강복지센터,경기도,여주시,경기 여주시 세종로 338번지 여주대학교 소통본부 2층,031-886-3435,기초 정신건강복지센터
연천군자살예방센터,경기도,연천군,경기도 연천군 전곡읍 은대리 577-36 연천보건의료원 내 연천군정신건강증진센터,031-832-8106,기초 자살예방센터
연천군정신건강복지센터,경기도,연천군,경기도 연천군 전곡읍 은대리 577-36 연천보건의료원 내 연천군정신건강증진센터,031-832-8106,기초 정신건강복지센터
오산시자살예방센터,경기도,오산시,경기도 오산시 경기동로 59 오산시보건소 2층,031-374-8680,기초 자살예방센터
오산시정신건강복지센터,경기도,오산시,경기도 오산시 경기동로 59 오산시보건소 2층,031-374-8680,기초 정신건강복지센터
의왕시자살예방센터,경기도,의왕시,경기도 의왕시 오봉로 34 의왕시보건소 별관 1층,031-458-0682,기초 자살예방센터
의왕시정신건강복지센터,경기도,의왕시,경기도 의왕시 오봉로 34 의왕시보건소 별관 1층,031-458-0682,기초 정신건강복지센터
의정부시자살예방센터,경기도,의정부시,경기 의정부시 신흥로 217 성원빌딩 5층,031-838-8089,기초 자살예방센터
의정부시정신건강복지센터,경기도,의정부시,경기 의정부시 범골로 158 건윤빌딩 2층,031-838-4181,기초 정신건강복지센터
가톨릭대학교 의정부성모병원,경기도,의정부시,경기도 의정부시 천보로 271 의정부성모병원 신관 지하1층,1661-7500,생명사랑위기대응센터
의정부 을지대학교병원,경기도,의정부시,경기도 의정부시 동일로 712,031-951-3345,생명사랑위기대응센터
이천시자살예방센터,경기도,이천시,경기도 이천시 증일동 이섭대천로 1119(상공회의소 2층),031-637-2330,기초 자살예방센터
이천시정신건강복지센터,경기도,이천시,경기도 이천시 증일동 이섭대천로 1119(상공회의소 2층),031-637-2330,기초 정신건강복지센터
고양시아동청소년정신건강복지센터,경기도,일산동구,경기도 고양시 일산동구 중앙로 1228 동구보건소 2층,031-908-3567,기초 정신건강복지센터
국민건강보험 일산병원,경기도,일산동구,경기도 고양시 일산동구 일산로 100 (백석로 1232) 일산병원 지하 1층 생명사랑위기대응센터(영양팀 옆),031-900-0114,생명사랑위기대응센터
동국대학교일산병원,경기도,일산동구,경기도 고양시 일산동구 동국로 27 동국대학교일산병원 12층 생명사랑위기대응센터,1577-7000,생명사랑위기대응센터
고양시자살예방센터,경기도,일산서구,경기도 고양시 일산서구 중앙로 1443 405호 고양시자살예방센터,031-927-9275,기초 자살예방센터
파주시자살예방센터,경기도,파주시,경기도 파주시 조리읍 봉천로 68,031-942-2117,기초 자살예방센터
파주시정신건강복지센터,경기도,파주시,경기도 파주시 조리읍 봉천로 68,031-942-2117,기초 정신건강복지센터
평택시자살예방센터,경기도,평택시,경기도 평택시 평택 5로 56,031-658-9818,기초 자살예방센터
평택시정신건강복지센터,경기도,평택시,경기도 평택시 평택 5로 56,031-658-9818,기초 정신건강복지센터
포천시자살예방센터,경기도,포천시,경기도 포천시 포천로 1612 보건소 2층,031-532-1670,기초 자살예방센터
포천시정신건강복지센터,경기도,포천시,경기도 포천시 포천로 1612 보건소 2층,031-532-1670,기초 정신건강복지센터
하남시자살예방센터,경기도,하남시,경기 하남시 미사강변대로 200 2층 하남시정신건강복지센터,031-793-6508,기초 자살예방센터
하남시정신건강복지센터,경기도,하남시,경기 하남시 미사강변대로 200 2층 하남시정신건강복지센터,031-793-6552,기초 정신건강복지센터
화성시자살예방센터,경기도,화성시,경기도 화성시 향남로 470번지 화성시종합경기타운(실내체육관) 내 1층,031-352-0175,기초 자살예방센터
화성시정신건강복지센터,경기도,화성시,경기도 화성시 향남로 470번지 화성시종합경기타운(실내체육관) 내 1층,031-352-0175,기초 정신건강복지센터
한림대학교 동탄성심병원,경기도,화성시,"경기도 화성시 큰재봉길 7, 3층 사회사업팀",1522-2500,생명사랑위기대응센터
거제시보건소 정신건강복지센터,경상남도,거제시,경상남도 거제시 수양로 506(양정동),055-639-6119,기초 정신건강복지센터
거창군정신건강복지센터,경상남도,거창군,경상남도 거창군 거창읍 거함대로 3079/ 거창군보건소,055-940-8383,기초 정신건강복지센터
고성군보건소정신건강복지센터(경남),경상남도,고성군,경상남도 고성군 고성읍 남포로 79번길 103-3,055-670-4057~8,기초 정신건강복지센터
김해시정신건강복지센터,경상남도,김해시,경상남도 김해시 분성로 227번길 김해시 보건소 2층 213호,070-4632-2900,기초 정신건강복지센터
조은금강병원,경상남도,김해시,경상남도 김해시 김해대로 1814-37,055-330-0300,생명사랑위기대응센터
남해군보건소 정신건강복지센터,경상남도,남해군,경상남도 남해읍 선소로 6(북변리 458-1),055-860-8701,기초 정신건강복지센터
밀양시정신건강복지센터,경상남도,밀양시,경상남도 밀양시 삼문중앙로 41 밀양시보건소 별관 2층 정신건강복지센터,055-359-7081,기초 정신건강복지센터
사천시보건소 정신건강복지센터,경상남도,사천시,경남 사천시 용현면 시청로 77-1 정신건강복지센터,055-831-2795/3575,기초 정신건강복지센터
산청군정신건강복지센터,경상남도,산청군,경상남도 산청군 산청읍 중앙로 97,055-970-7543,기초 정신건강복지센터
양산시정신건강복지센터,경상남도,양산시,경상남도 양산시 중앙로 7-32 양산시보건복지센터 4층(다방동),055-367-2255,기초 정신건강복지센터
양산부산대학교병원,경상남도,양산시,경남 양산시 물금읍 금오로 20,1577-7512,생명사랑위기대응센터
의령군보건소/의령군정신건강복지센터,경상남도,의령군,경상남도 의령군 의령읍 의병로 8길 16,055-570-4093/4022,기초 정신건강복지센터
진주시보건소정신건강복지센터,경상남도,진주시,경상남도 진주시 문산읍 월아산로 983,055-749-4575/5774,기초 정신건강복지센터
경상국립대학교병원,경상남도,진주시,경상남도 진주시 강남로 79 경상국립대학교병원 응급의료센터 2층 생명사랑위기대응센터,055-750-8000,생명사랑위기대응센터
창녕군정신건강복지센터,경상남도,창녕군,경상남도 창녕군 창녕읍 우포2로 1189-35 창녕군보건소 ,055-530-6225,기초 정신건강복지센터
창원시 마산정신건강복지센터,경상남도,창원시마산합포구,경상남도 창원시 마산합포구 월명동북로 15 마산보건소,055-225-6031,기초 정신건강복지센터
창원경상국립대학교병원,경상남도,창원시성산구,경상남도 창원시 성산구 삼정자로 11 1층 응급의학과 생명사랑위기대응센터,055-214-1000,생명사랑위기대응센터
경상남도정신건강복지센터,경상남도,창원시의창구,경상남도 창원시 의창구 동읍 동읍로 457번길 48,055-239-1400,광역 정신건강복지센터
창원시 창원정신건강복지센터,경상남도,창원시의창구,경상남도 창원시 의창구 중앙대로 162번길 9 (창원보건소 4층),055-287-1223,기초 정신건강복지센터
창원시 진해정신건강복지센터,경상남도,창원시진해구,경상남도 창원시 진해구 중원동로 62(중앙동) 진해서부보건지소 3층,055-225-6691,기초 정신건강복지센터
통영시정신건강복지센터,경상남도,통영시,경상남도 통영시 안개4길 108번지 통영시보건소,055-650-6172,기초 정신건강복지센터
하동군정신건강복지센터,경상남도,하동군,경상남도 하동군 하동읍 군청로 31,055-880-6670,기초 정신건강복지센터
함안군보건소 정신건강복지센터,경상남도,함안군,경상남도 함안군 가야읍 중앙남4길 10(말산리 100번지) 함안군보건소,055-580-3201/3133,기초 정신건강복지센터
함양군보건소 정신건강복지센터,경상남도,함양군,경상남도 함양군 함양읍 한들로 139,055-960-5358/4685,기초 정신건강복지센터
합천군보건소 정신건강복지센터,경상남도,합천군,경상남도 합천군 합천읍 합천리 동서로 39 합천군보건소,055-930-4835/3720,기초 정신건강복지센터
경산시정신건강복지센터,경상북도,경산시,경북 경산시 남매로 158(중방동 708-5) 경산시보건소 별관 3층,053-816-7190,기초 정신건강복지센터
세명종합병원,경상북도,경산시,경상북도 경산시 경안로 208,053-819-8800,생명사랑위기대응센터
경상북도자살예방센터,경상북도,경주시,경상북도 경주시 동대로 87(석장동 동국대학교 경주병원 내 복지동 3층),054-748-6400,광역 자살예방센터
경상북도정신건강복지센터,경상북도,경주시,경상북도 경주시 동대로 87(석장동 동국대학교 경주병원 내 복지동 3층),054-748-6400,광역 정신건강복지센터
경주시정신건강복지센터,경상북도,경주시,경주시 양정로 300 경주시보건소 내,054-777-1577,기초 정신건강복지센터
동국대학교 경주병원,경상북도,경주시,경상북도 경주시 동대로 87 국제힐링센터 5층 생명사랑위기대응센터,054-748-9300,생명사랑위기대응센터
고령군정신건강복지센터,경상북도,고령군,고령군 대가야읍 왕릉로 56-8,054-950-7980,기초 정신건강복지센터
구미시선산정신건강복지센터,경상북도,구미시,구미시 선산읍 선주로 121 구미시선산보건소 내,054-480-4377,기초 정신건강복지센터
구미시정신건강복지센터,경상북도,구미시,구미시 선산대로 111 구미보건소 내,054-480-4045,기초 정신건강복지센터
군위군정신건강복지센터,경상북도,군위군,군위군 군위읍 군청로 70,054-380-7422,기초 정신건강복지센터
김천시정신건강복지센터,경상북도,김천시,"김천시 체육공원길 21, 3층",054-433-4005,기초 정신건강복지센터
문경시정신건강복지센터,경상북도,문경시,경북 문경시 점촌1길 13 통합건강검진센터 2층,054-554-0802,기초 정신건강복지센터
문경제일병원,경상북도,문경시,"경북 문경시 당교3길 25, 경영지원부",054-550-7700,생명사랑위기대응센터
봉화군정신건강복지센터,경상북도,봉화군,경북 봉화군 봉화읍 거촌로 12-3 봉화군정신건강복지센터,054-674-1126,기초 정신건강복지센터
상주시정신건강복지센터,경상북도,상주시,상주시 경상대로 3023 상주시보건소 뒷건물,054-536-0668,기초 정신건강복지센터
성주군정신건강복지센터,경상북도,성주군,성주군 성주읍 성밖숲길 12 성주군보건소 내,054-930-8264,기초 정신건강복지센터
안동시정신건강복지센터,경상북도,안동시,안동시 경동로 663 남부빌딩 2층,054-842-9933,기초 정신건강복지센터
안동병원,경상북도,안동시,경상북도 안동시 앙실로 11 안동병원 의료사회사업팀 생명사랑위기대응센터,054-840-1004,생명사랑위기대응센터
영덕군정신건강복지센터,경상북도,영덕군,영덕군 영덕읍 경동로 8367 영덕군보건소 내,054-730-7161,기초 정신건강복지센터
영양군정신건강복지센터,경상북도,영양군,영양군 영양읍 동서대로 82 영양군보건소 내,054-680-5197,기초 정신건강복지센터
영주시정신건강복지센터,경상북도,영주시,"영주시 영주로 159번길 73, 치매안심센터 2층",054-639-5727,기초 정신건강복지센터
영천시정신건강복지센터,경상북도,영천시,영천시 조양공원길 21,054-331-6770,기초 정신건강복지센터
예천군정신건강복지센터,경상북도,예천군,예천군 예천읍 충효로 424 예천군보건소 내,054-650-8035,기초 정신건강복지센터
울릉군정신건강복지센터,경상북도,울릉군,울릉군 울릉읍 울릉순환로 396-18,054-790-6871,기초 정신건강복지센터
울진군정신건강복지센터,경상북도,울진군,울진군 울진읍 읍내8길 61-8 울진군보건소 내,054-789-5037,기초 정신건강복지센터
의성군정신건강복지센터,경상북도,의성군,의성군 의성읍 안평의성로 1122-30,054-833-0046,기초 정신건강복지센터
청도군정신건강복지센터,경상북도,청도군,청도군 화양읍 청화로 79-15 건강증진센터 수영장 맞은편,054-373-8006,기초 정신건강복지센터
청송군정신건강복지센터,경상북도,청송군,청송군 청송읍 의료원길 19 청송군보건소 내,054-870-7362,기초 정신건강복지센터
칠곡군정신건강복지센터,경상북도,칠곡군,칠곡군 왜관읍 관문로 1길 30 칠곡군보건소 내,054-973-2023,기초 정신건강복지센터
포항시남구정신건강복지센터,경상북도,포항시 남구,포항시 남구 동해안로 6119 포항시남구보건소 내,054-270-4091,기초 정신건강복지센터
포항성모병원,경상북도,포항시 남구,경상북도 포항시 남구 대잠동길 17,054-260-8825,생명사랑위기대응센터
포항세명기독병원,경상북도,포항시 남구,경상북도 포항시 남구 포스코대로 351 포항세명기독병원 본관 1층 생명사랑위기대응팀,054-275-0005,생명사랑위기대응센터
포항시북구정신건강복지센터,경상북도,포항시 북구,포항시 북구 삼흥로 98 포항시북구보건소 내,054-270-4191,기초 정신건강복지센터
광산구정신건강복지센터,광주광역시,광산구,광주광역시 광산구 상무대로 239-1 3층,062-941-8567,기초 정신건강복지센터
남구정신건강복지센터,광주광역시,남구,"광주광역시 남구 봉선로1, 남구청사 내 5층 정신건강복지센터",062-676-8236,기초 정신건강복지센터
광주광역자살예방센터,광주광역시,동구,광주광역시 동구 제봉로 27 한일빌딩 5층,062-600-1930,광역 자살예방센터
광주광역정신건강복지센터,광주광역시,동구,광주광역시 동구 제봉로 27(학동 67번지) 한일빌딩 5층,062-600-1930,광역 정신건강복지센터
동구정신건강복지센터,광주광역시,동구,광주광역시 동구 서남로 1 동구보건소 2층,062-233-0468,기초 정신건강복지센터
전남대학교병원,광주광역시,동구,광주광역시 동구 제봉로 42 전남대학교병원 8동 10층 생명사랑위기대응센터,1899-0000,생명사랑위기대응센터
조선대학교병원,광주광역시,동구,광주광역시 동구 필문대로 365 조선대학교병원 의성관 3층 정신과집담회실,062-230-7114,생명사랑위기대응센터
북구정신건강복지센터,광주광역시,북구,"광주광역시 북구 북문대로 43, 2층",062-267-5510,기초 정신건강복지센터
서구정신건강복지센터,광주광역시,서구,광주광역시 서구 운천로 172번길 32 상무금호보건지소 2층 정신보건팀,062-350-4195,기초 정신건강복지센터
남구정신건강복지센터,대구광역시,남구,대구광역시 남구 영선길34 남구보건소 4층 정신건강복지센터,053-628-5863,기초 정신건강복지센터
대구 가톨릭대학교병원,대구광역시,남구,대구광역시 남구 두류공원로17길 33 대구가톨릭대학교병원 라파엘관 1층,1688-0077,생명사랑위기대응센터
영남대학교의료원,대구광역시,남구,대구광역시 남구 현충로 170 권역응급의료센터 지하 1층,053-623-8001,생명사랑위기대응센터
달서구정신건강복지센터,대구광역시,달서구,대구광역시 달서구 학산로 50 월성문화관 내 달서구정신건강복지센터,053-637-7851,기초 정신건강복지센터
달성군정신건강복지센터,대구광역시,달성군,대구광역시 달성군 옥포읍 비슬로 458길 6-2 3층,053-643-0199,기초 정신건강복지센터
동구정신건강복지센터,대구광역시,동구,대구광역시 동구 동촌로 79 동구보건소 4층 ,"053-983-8340,2",기초 정신건강복지센터
북구정신건강복지센터,대구광역시,북구,"대구광역시 북구 성북로 43, 4층",053-353-3631,기초 정신건강복지센터
대구광역자살예방센터,대구광역시,서구,대구 서구 평리로 157 생명존중센터 3층,053-256-0199,광역 자살예방센터
대구광역정신건강복지센터,대구광역시,서구,대구 서구 평리로 157 생명존중센터 3층,053-256-0199,광역 정신건강복지센터
서구정신건강복지센터,대구광역시,서구,"대구광역시 서구 북비산로 71길 7(비산2,3동 42-107번지 3층) 서구정신건강복지센터",053-564-2595,기초 정신건강복지센터
수성구정신건강복지센터,대구광역시,수성구,대구광역시 수성구 수성로 213 수성구 보건소 별관 4층,053-756-5860,기초 정신건강복지센터
중구정신건강복지센터,대구광역시,중구,대구광역시 중구 태평로 45 중구보건소 3층,053-256-2900,기초 정신건강복지센터
경북대학교병원,대구광역시,중구,대구광역시 중구 동덕로 115 20층 경북대학교병원 생명사랑위기대응센터,053-200-6114,생명사랑위기대응센터
대덕구정신건강복지센터,대전광역시,대덕구,"대전광역시 대덕구 석봉로 38길 55, 대덕구보건소 별관 2층",042-931-1671,기초 정신건강복지센터
동구정신건강복지센터,대전광역시,동구,대전광역시 동구 현암로22,042-673-4619,기초 정신건강복지센터
서구정신건강복지센터,대전광역시,서구,"대전광역시 서구 구봉산북로 300, 2층(관저동)",042-488-9742,기초 정신건강복지센터
건양대학교병원,대전광역시,서구,대전광역시 서구 관저동로 158 건양대학교병원 본관 암센터 3층 생명사랑위기대응센터,1577-3330,생명사랑위기대응센터
을지대학교병원,대전광역시,서구,대전광역시 서구 둔산서로 95 대전을지대학교병원 생명사랑위기대응센터,1899-0001,생명사랑위기대응센터
유성구정신건강복지센터,대전광역시,유성구,대전광역시 유성구 박산로 177 유성구보건소 2층,042-825-3527,기초 정신건강복지센터
대전광역자살예방센터,대전광역시,중구,대전광역시 중구 대종로488번길 9(은행동),042-486-0005,광역 자살예방센터
대전광역정신건강복지센터,대전광역시,중구,대전광역시 중구 대종로488번길 9(은행동),042-486-0005,광역 정신건강복지센터
중구정신건강복지센터,대전광역시,중구,대전광역시 중구 수도산로 15번지(대흥동),042-257-9930,기초 정신건강복지센터
충남대학교병원,대전광역시,중구,대전광역시 중구 문화로 282 충남대학교병원 응급센터 5층 정신건강의학과 생명사랑위기대응센터,1599-7123,생명사랑위기대응센터
강서구정신건강복지센터(부산),부산광역시,강서구,부산광역시 강서구 공항진입로 8 2층,051-973-3418,기초 정신건강복지센터
금정구정신건강복지센터,부산광역시,금정구,"부산광역시 금정구 중앙대로 1793번길 37, 3층",051-518-8700,기초 정신건강복지센터
기장군정신건강복지센터,부산광역시,기장군,부산광역시 기장군 정관읍 용수로11 정관통합보건지소 4층,051-727-5386,기초 정신건강복지센터
부산광역자살예방센터,부산광역시,남구,부산광역시 남구 수영로 299 루미너스타워 12층,051-242-2575,광역 자살예방센터
부산광역정신건강복지센터,부산광역시,남구,부산광역시 남구 수영로 299 루미너스타워 12층,051-242-2575,광역 정신건강복지센터
남구정신건강복지센터(부산),부산광역시,남구,부산광역시 남구 유엔평화로 4번길 61 3층,051-626-4660,기초 정신건강복지센터
동구정신건강복지센터(부산),부산광역시,동구,부산광역시 동구 구청로 1 동구청 동구의회 2층,051-911-4600,기초 정신건강복지센터
동래구정신건강복지센터,부산광역시,동래구,부산광역시 동래구 명륜로 187번길 56 동래구보건소 4층,051-507-7306,기초 정신건강복지센터
부산진구정신건강복지센터,부산광역시,부산진구,부산광역시 부산진구 시민공원로 30 부산진구청 별관 건강증진센터 내 2층,051-638-2662,기초 정신건강복지센터
인제대학교 부산백병원,부산광역시,부산진구,부산광역시 부산진구 진사로 83번길 81 인제대학교 부산백병원 미래의생명센터 1층 연구행정실,051-890-6114,생명사랑위기대응센터
북구정신건강복지센터(부산),부산광역시,북구,부산광역시 북구 만덕대로 89번길 9 북구보건소덕천지소 3층,051-334-3200,기초 정신건강복지센터
사상구자살예방센터,부산광역시,사상구,부산광역시 사상구 가야대로 196번길 51  다누림센터 3층,051-314-4101,기초 자살예방센터
사상구정신건강복지센터,부산광역시,사상구,부산광역시 사상구 가야대로 196번길 51  다누림센터 3층,051-314-4101,기초 정신건강복지센터
사하구정신건강복지센터,부산광역시,사하구,부산광역시 사하구 장림번영로 41 한국메디컬빌딩 5층,051-265-0512,기초 정신건강복지센터
부산서구정신건강복지센터,부산광역시,서구,부산광역시 서구 부용로 30 서구보건소 2층 202호,051-246-1981,기초 정신건강복지센터
동아대학교병원,부산광역시,서구,부산광역시 서구 대신공원로 26 동관 6층 생명사랑위기대응센터,051-240-2000,생명사랑위기대응센터
부산대학교병원,부산광역시,서구,부산광역시 서구 구덕로 179 부산대학교병원 B동 2층 정신건강의학과 내 생명사랑위기대응센터,051-240-7000,생명사랑위기대응센터
수영구정신건강복지센터,부산광역시,수영구,부산광역시 수영구 수영로 637-5 수영구보건소 2층,051-714-5681,기초 정신건강복지센터
연제구정신건강복지센터,부산광역시,연제구,부산광역시 연제구 연제로2 연제구보건소 2층,051-861-1914,기초 정신건강복지센터
영도구정신건강복지센터,부산광역시,영도구,부산광역시 영도구 동삼북로2 동삼1주공아파트 상가 2층 209호,051-404-3379,기초 정신건강복지센터
중구정신건강복지센터(부산),부산광역시,중구,부산광역시 중구 중구로70-1 부성빌딩 4층,051-257-7057,기초 정신건강복지센터
해운대구정신건강복지센터,부산광역시,해운대구,부산광역시 해운대구 양운로 37번길 59 해운대보건소 3층,051-741-3567,기초 정신건강복지센터
인제대학교 해운대백병원,부산광역시,해운대구,부산광역시 해운대구 해운대로 875 생명사랑위기대응센터,051-797-0100,생명사랑위기대응센터
강남구정신건강복지센터,서울특별시,강남구,"서울특별시 강남구 자곡로 100, 자곡문화센터 2층(자곡동)",02-2226-0344,기초 정신건강복지센터
삼성서울병원,서울특별시,강남구,"서울시 강남구 일원로 81, 삼성서울병원 별관 B2 정신건강의학과 의국",1599-3114,생명사랑위기대응센터
연세대학교 강남세브란스병원,서울특별시,강남구,서울특별시 강남구 언주로 211 강남세브란스병원,1599-6114,생명사랑위기대응센터
강동구정신건강복지센터,서울특별시,강동구,서울특별시 강동구 구천면로 297-5 천호보건지소 1층,02-471-3223,기초 정신건강복지센터
강동성심병원,서울특별시,강동구,서울특별시 강동구 진황도로 86 강동성심병원 교육연구관 5층 사회사업팀,1588-4100,생명사랑위기대응센터
강북구정신건강복지센터,서울특별시,강북구,서울특별시 강북구 삼양로 19길 154(미아동) 강북구보건소삼각산분소 3층,02-985-0222,기초 정신건강복지센터
강서구정신건강복지센터,서울특별시,강서구,서울특별시 강서구 공항대로 561 강서구보건소 지하 1층,02-2600-5926~9,기초 정신건강복지센터
관악구정신건강복지센터,서울특별시,관악구,"서울특별시 관악구 관악로 145, 3동 4층(봉천동)",02-879-4911,기초 정신건강복지센터
광진구정신건강복지센터,서울특별시,광진구,서울특별시 광진구 긴고랑로 110 중곡종합건강센터 4층 광진구정신건강복지센터,02-450-1895,기초 정신건강복지센터
구로구정신건강복지센터,서울특별시,구로구,서울특별시 구로구 공원로 21 나라키움 구로 복합관사 2층,02-861-2284,기초 정신건강복지센터
고려대학교 구로병원,서울특별시,구로구,"서울시 구로구 구로동로 148, 고려대학교 구로병원 새롬교육관 4층 409호",1577-9966,생명사랑위기대응센터
금천구정신건강복지센터,서울특별시,금천구,서울특별시 금천구 시흥대로 123길 11 5층,02-3281-9314,기초 정신건강복지센터
노원구정신건강복지센터,서울특별시,노원구,서울특별시 노원구 노해로 455(인산빌딩) 5층,02-2116-4591,기초 정신건강복지센터
노원을지대학교병원,서울특별시,노원구,"서울특별시 노원구 한글비석로 68, 노원을지대학교병원 연구동 2층 정신건강의학과 우편함",02-970-8000,생명사랑위기대응센터
인제대학교 상계백병원,서울특별시,노원구,서울특별시 노원구 동일로 1342 지하3층 생명사랑위기대응센터,1661-3100,생명사랑위기대응센터
도봉구정신건강복지센터,서울특별시,도봉구,"서울특별시 도봉구 방학로3길 117, 도봉구보건소 1층",02-2091-5223,기초 정신건강복지센터
한일병원,서울특별시,도봉구,서울특별시 도봉구 우이천로 308 한일병원 생명사랑위기대응센터,02-901-3114,생명사랑위기대응센터
동대문구정신건강복지센터,서울특별시,동대문구,서울 동대문구 홍릉로 81 홍릉문화복지센터 4층,02-963-1621~3,기초 정신건강복지센터
경희대학교병원,서울특별시,동대문구,서울특별시 동대문구 경희대로 23 서관 6층 생명사랑 위기대응센터 간호본부 맞은편,02-958-8114,생명사랑위기대응센터
동작구정신건강복지센터,서울특별시,동작구,서울특별시 동작구 사당로 253-3 유창빌딩 2층 사당분소 내 ,02-820-4072,기초 정신건강복지센터
서울특별시 보라매병원,서울특별시,동작구,서울특별시 동작구 보라매로5길 20 재난 및 응급의료지원실 1568,1577-0075,생명사랑위기대응센터
중앙대학교병원,서울특별시,동작구,서울특별시 동작구 흑석로 102 중앙대학교병원 중앙관 2층 정신건강의학과,1800-1114,생명사랑위기대응센터
마포구정신건강복지센터,서울특별시,마포구,서울특별시 마포구 성산로 4길 15 성산1동주민센터 3층,02-3272-4937,기초 정신건강복지센터
서대문구정신건강복지센터,서울특별시,서대문구,서울특별시 서대문구 연희로 290 서대문구보건소별관 우리들 4층,02-3140-8081,기초 정신건강복지센터
연세대학교 세브란스병원,서울특별시,서대문구,서울특별시 서대문구 연세로 50-1 연세대학교 의과대학 세브란스병원 사회사업팀 제중관 2층,02-2228-1004,생명사랑위기대응센터
서초구정신건강복지센터,서울특별시,서초구,서울특별시 서초구 염곡말길 9 느티나무쉼터 3층,02-2155-8215,기초 정신건강복지센터
가톨릭대학교 서울성모병원,서울특별시,서초구,서울특별시 서초구 반포대로 222,02-2258-9931,생명사랑위기대응센터
성동구정신건강복지센터,서울특별시,성동구,서울특별시 성동구 행당로12 성동구보건소금호분소 3층,02-2298-1080,기초 정신건강복지센터
한양대학교병원,서울특별시,성동구,서울특별시 성동구 왕십리로 222-1 한양대학교병원 권역응급의료센터,02-2290-8114,생명사랑위기대응센터
성북구자살예방센터,서울특별시,성북구,"서울특별시 성북구 오패산로 21, 4층",02-916-9118,기초 자살예방센터
성북구정신건강복지센터,서울특별시,성북구,"서울특별시 성북구 63, 화랑로 6층(하월곡동, 성북구보건소) 정신건강복지센터",02-2241-6314,기초 정신건강복지센터
고려대학교 안암병원,서울특별시,성북구,서울특별시 성북구 고려대로 73 고려대학교 안암병원 의료사회사업팀,1577-0083,생명사랑위기대응센터
송파구정신건강복지센터,서울특별시,송파구,서울 송파구 양산로 5 송파구 보건지소,02-2147-5030,기초 정신건강복지센터
서울아산병원,서울특별시,송파구,서울특별시 송파구 올림픽로43길 88 서울아산병원 동관 17층 정신과,1688-7575,생명사랑위기대응센터
양천구정신건강복지센터,서울특별시,양천구,서울특별시 양천구 목동서로 339 양천구보건소 지하1층,02-2061-8881,기초 정신건강복지센터
이화여자대학교 의과대학 부속 목동병원,서울특별시,양천구,서울특별시 양천구 안양천로 1071 이화여자대학교부속 목동병원,02-2650-5114,생명사랑위기대응센터
영등포구정신건강복지센터,서울특별시,영등포구,서울 영등포구 당산로 123 영등포구보건소 4층,02-2670-4793,기초 정신건강복지센터
가톨릭대학교 여의도성모병원,서울특별시,영등포구,서울특별시 영등포구 63로 10 여의도성모병원 본관 5층 사회사업팀,1661-7575,생명사랑위기대응센터
용산구정신건강복지센터,서울특별시,용산구,서울 용산구 녹사평 대로 150 용산구보건소 1층,02-2199-8340,기초 정신건강복지센터
순천향대학교 부속 서울병원,서울특별시,용산구,서울 용산구 대사관로 49 2층 생명사랑팀,02-709-9114,생명사랑위기대응센터
은평구정신건강복지센터,서울특별시,은평구,서울특별시 은평구 연서로 34길 11 불광보건분소 3층,02-351-8680,기초 정신건강복지센터
가톨릭대학교 은평성모병원,서울특별시,은평구,서울특별시 은평구 통일로 1021 가톨릭대학교 은평성모병원 사회사업팀,02-1811-7755,생명사랑위기대응센터
서울시정신건강복지센터,서울특별시,종로구,"서울 종로구 동숭3길 40(일석기념관) 3,4층",02-3444-9934,광역 정신건강복지센터
종로구정신건강복지센터,서울특별시,종로구,서울특별시 종로구 성균관로 15길 10,02-745-0199,기초 정신건강복지센터
서울대학교병원,서울특별시,종로구,서울특별시 종로구 대학로 71 서울대학교벼원 의학연구혁신센터 B1 dry lab1,1588-5700,생명사랑위기대응센터
서울시자살예방센터,서울특별시,중구,서울시 중구 소월로 20길 30 T타워 15층 서울시자살예방센터,02-3458-1000,광역 자살예방센터
중구정신건강복지센터,서울특별시,중구,서울특별시 중구 서소문로 6길 16 중립종합복지센터 3층,02-2236-6606,기초 정신건강복지센터
국립중앙의료원,서울특별시,중구,서울특별시 중구 을지로 245 국립중앙의료원,1588-1775,생명사랑위기대응센터
한국생명존중희망재단,서울특별시,중구,"서울특별시 중구 을지로 6 재능빌딩 9층,10층,11층,12층,15층",02-3706-0500,한국생명존중희망재단
중랑구정신건강복지센터,서울특별시,중랑구,서울특별시 중랑구 면목로 238 중랑구민회관 1층,02-3422-3804,기초 정신건강복지센터
서울특별시 서울의료원,서울특별시,중랑구,서울특별시 중랑구 신내로 156 서울의료원 응급의료센터 생명사랑위기대응팀(지하 1층 회의실),02-2276-7000,생명사랑위기대응센터
세종특별자치시 정신건강복지센터(남부분소),세종특별자치시,세종특별자치시,"세종특별자치시 새롬로 14, 3층 312호",044-863-9417,기초 정신건강복지센터
세종특별자치시 정신건강복지센터(조치원본소),세종특별자치시,세종특별자치시,세종특별자치시 조치원읍 수원지1길 16 세종시립의원 2층,044-861-8521,기초 정신건강복지센터
세종충남대학교병원,세종특별자치시,세종특별자치시,세종특별자치시 보듬7로 20  세종충남대학교병원 본관 4층 생명사랑위기대응센터,1800-3114,생명사랑위기대응센터
울산광역정신건강복지센터,울산광역시,남구,울산광역시 남구 화합로 105 로하스빌딩 2층,052-716-7199,광역 정신건강복지센터
울산남구정신건강복지센터,울산광역시,남구,"울산광역시 남구 삼산중로 132 (삼산동, 남구보건소 3층)",052-227-1116,기초 정신건강복지센터
울산동구정신건강복지센터,울산광역시,동구,울산광역시 동구 봉수로 155 동구보건소 3층 울산동구정신건강복지센터,052-233-1040,기초 정신건강복지센터
울산대학교병원,울산광역시,동구,"울산광역시 동구 대학병원로 25, 본관 1층 정신응급대응 사무실",052-250-7000,생명사랑위기대응센터
울산북구정신건강복지센터,울산광역시,북구,울산광역시 북구 산업로 1018 북구보건소 2층,052-288-0043,기초 정신건강복지센터
울산울주군정신건강복지센터,울산광역시,울주군,울산광역시 울주군 삼남면 서향교1길 67-12(울주군보건소2층),052-262-1148,기초 정신건강복지센터
울산중구정신건강복지센터,울산광역시,중구,울산광역시 중구 외솔큰길 225(중구보건소3층),052-292-2900,기초 정신건강복지센터
강화군정신건강복지센터,인천광역시,강화군,인천광역시 강화군 강화읍 충렬사로 26-1 강화군보건소 별관 1층,032-932-4077,기초 정신건강복지센터
계양구정신건강복지센터,인천광역시,계양구,인천광역시 계양구 장기서로 8 장기보건지소 3층,032-547-7087,기초 정신건강복지센터
의료법인 인성의료재단 한림병원,인천광역시,계양구,인천 계양구 장제로 722 한림병원,032-540-9114,생명사랑위기대응센터
인천광역시자살예방센터,인천광역시,남동구,인천광역시 남동구 남동대로 774번길 24 가천뇌과학연구원 5층,032-468-9917,광역 자살예방센터
인천광역정신건강복지센터,인천광역시,남동구,인천광역시 남동구 남동대로 774번길 24 가천뇌과학연구원 5층,032-468-9911,광역 정신건강복지센터
인천남동구정신건강복지센터,인천광역시,남동구,"인천광역시 남동구 인주대로 819, 문화빌딩 6층",032-465-6412,기초 정신건강복지센터
가천대 길병원,인천광역시,남동구,인천광역시 남동구 남동대로 773 길병원 인공지능병원 7층 생명사랑위기대응센터,1577-2299,생명사랑위기대응센터
인천동구자살예방센터,인천광역시,동구,인천광역시 동구 인중로 377 2층,032-765-3690~1,기초 자살예방센터
인천동구정신건강복지센터,인천광역시,동구,인천광역시 동구 인중로 377 2층,032-765-3690~1,기초 정신건강복지센터
인천광역시의료원,인천광역시,동구,인천광역시 동구 방축로 217 인천광역시의료원 본관 지하1층 생명사랑위기대응센터,032-580-6000,생명사랑위기대응센터
인천미추홀구자살예방센터,인천광역시,미추홀구,인천광역시 미추홀구 독정이로 95 미추홀구청 본관3청사 2층,1544-9004,기초 자살예방센터
옹진군정신건강복지센터,인천광역시,미추홀구,인천 미추홀구 매소홀로 120 3층,032-899-3122,기초 정신건강복지센터
인천미추홀구정신건강복지센터,인천광역시,미추홀구,인천광역시 미추홀구 독정이로 95 미추홀구청 본관3청사 2층,032-421-4045~7,기초 정신건강복지센터
인천사랑병원,인천광역시,미추홀구,인천광역시 미추홀구 미추홀대로 726 인천사랑병원 사랑동 1층 생명사랑위기대응센터,032-457-2000,생명사랑위기대응센터
부평정신건강복지센터,인천광역시,부평구,인천광역시 부평구 부흥로 287 부평구 보건소 별관 2층,032-330-5602,기초 정신건강복지센터
삼산정신건강복지센터,인천광역시,부평구,인천광역시 부평구 평천로 447 삼산1단지(구주공단지) 108동 2층,032-330-1371~2,기초 정신건강복지센터
가톨릭대학교 인천성모병원,인천광역시,부평구,인천광역시 부평구 동수로 56 의생명융합연구관 3층 315호 (생명사랑위기대응센터),1544-9004,생명사랑위기대응센터
인천서구정신건강복지센터,인천광역시,서구,인천광역시 서구 탁옥로 39 서구보건소 4층,"032-560-5006,5039",기초 정신건강복지센터
가톨릭관동대학교 국제성모병원,인천광역시,서구,인천광역시 서구 심곡로100번길 25 가톨릭관동대학교 국제성모병원 로비층 사례관리팀,1600-8291,생명사랑위기대응센터
나은병원,인천광역시,서구,인천광역시 서구 원적로23,1661-0099,생명사랑위기대응센터
연수구정신건강복지센터,인천광역시,연수구,인천광역시 연수구 예술로20번길 15 기억과마음 치매정신통합센터 3층,032-899-9430,기초 정신건강복지센터
인천중구정신건강복지센터,인천광역시,중구,인천광역시 중구 참외전로 21 중구보건소 5층,032-760-6090,기초 정신건강복지센터
인하대학교의과대학부속병원,인천광역시,중구,인천광역시 중구 인항로 27 1층 권역응급의료센터 행정사무실,032-890-2114,생명사랑위기대응센터
강진군정신건강복지센터,전라남도,강진군,전남 강진군 강진읍 목리길 11,061-430-3570,기초 정신건강복지센터
고흥군정신건강복지센터,전라남도,고흥군,전남 고흥군 고흥읍 등암3길 5,061-830-6673,기초 정신건강복지센터
곡성군정신건강복지센터,전라남도,곡성군,전남 곡성군 곡성읍 곡성로 854 별관2층,061-363-9917,기초 정신건강복지센터
광양시정신건강복지센터,전라남도,광양시,전남 광양시 광양읍 인덕리 1100번지,061-797-3778,기초 정신건강복지센터
구례군정신건강복지센터,전라남도,구례군,전남 구례군 구례읍 동편제길 30,061-780-2047,기초 정신건강복지센터
전라남도광역정신건강복지센터,전라남도,나주시,전라남도 나주시 산포면 세남로 1328-31 본관 2층,061-350-1700,광역 정신건강복지센터
나주시정신건강복지센터,전라남도,나주시,전라남도 나주시 풍물시장2길 57-32 4층,061-333-6200,기초 정신건강복지센터
담양군정신건강복지센터,전라남도,담양군,전라남도 담양군 담양읍 완동길 10-5,061-380-2973,기초 정신건강복지센터
목포시정신건강복지센터,전라남도,목포시,전남 목포시 석현로 48번길,061-276-0199,기초 정신건강복지센터
의료법인목포구암의료재단목포중앙병원,전라남도,목포시,전라남도 목포시 영산로 623 의료법인목포구암의료재단목포중앙병원 응급실 내 생명사랑위기대응센터,061-280-3000,생명사랑위기대응센터
무안정신건강복지센터,전라남도,무안군,전남 무안군 무안읍 무안로 530,061-276-0199,기초 정신건강복지센터
보성군정신건강복지센터,전라남도,보성군,전라남도 보성군 보성읍 송재로 153,061-853-5500,기초 정신건강복지센터
순천시정신건강복지센터,전라남도,순천시,전남 순천시 중앙로 232(석현동),061-749-6695,기초 정신건강복지센터
성가롤로병원,전라남도,순천시,전라남도 순천시 순광로 221 지하 1층 생명사랑위기대응센터,061-720-2000,생명사랑위기대응센터
신안군정신건강복지센터,전라남도,신안군,전남 신안군 압해읍 천사로 1004 신안군보건소 3층,061-240-5480,기초 정신건강복지센터
여수시정신건강복지센터,전라남도,여수시,전남 여수시 시청서4길 47,061-659-4289,기초 정신건강복지센터
영광군 정신건강복지센터,전라남도,영광군,전남 영광군 영광읍 신남로 4길 17번지 ,061-353-9401,기초 정신건강복지센터
영암군정신건강복지센터,전라남도,영암군,전라남도 영암군 영암읍 춘양리 528,061-470-6028,기초 정신건강복지센터
완도군정신건강복지센터,전라남도,완도군,전남 완도군 완도읍 농공단지길 34,061-550-6745,기초 정신건강복지센터
장성군정신건강복지센터,전라남도,장성군,전남 장성군 장성읍 청운11길 13번지,061-395-0199,기초 정신건강복지센터
장흥군정신건강복지센터,전라남도,장흥군,전남 장흥군 장흥읍 동교1길 13,061-864-0199,기초 정신건강복지센터
진도군정신건강복지센터,전라남도,진도군,전남 진도읍 남동1길 40-9번지,061-540-6058,기초 정신건강복지센터
함평군정신건강복지센터,전라남도,함평군,전남 함평군 함평읍 중앙길 54-8,061-320-2421,기초 정신건강복지센터
해남군정신건강복지센터,전라남도,해남군,전남 해남군 해남읍 해남로 46,061-531-3768,기초 정신건강복지센터
화순군정신건강복지센터,전라남도,화순군,전남 화순군 화순읍 충의로 40 2층,061-374-4600,기초 정신건강복지센터
고창군정신건강복지센터,전라북도,고창군,고창시 고창읍 전봉준로 90,063-563-8751,기초 정신건강복지센터
군산시정신건강복지센터,전라북도,군산시,전북특별자치도 군산시 공산대로 482 5층,063-451-1362,기초 정신건강복지센터
김제시정신건강복지센터,전라북도,김제시,김제시 성산길 138,063-542-1350,기초 정신건강복지센터
남원시정신건강복지센터,전라북도,남원시,전북특별자치도 남원시 요천로 1285 (남원시보건소),063-625-4122,기초 정신건강복지센터
전북특별자치도 남원의료원,전라북도,남원시,전북특별자치도 남원시 충정로 365,063-620-1198,생명사랑위기대응센터
무주군정신건강복지센터,전라북도,무주군,무주군 무주읍 한풍루로 413,063-320-8333,기초 정신건강복지센터
부안군정신건강복지센터,전라북도,부안군,부안군 부안읍 오리정로 124,063-581-5830,기초 정신건강복지센터
순창군정신건강복지센터,전라북도,순창군,순창군 순창읍 순창로 127,063-650-5318,기초 정신건강복지센터
완주군정신건강복지센터,전라북도,완주군,완주군 봉동읍 장기리 285,063-262-3066,기초 정신건강복지센터
익산시정신건강복지센터,전라북도,익산시,익산시 무왕로 975,063-841-4235,기초 정신건강복지센터
원광대학교병원,전라북도,익산시,전라북도 익산시 무왕로 895 원광대학교병원 10층 정신건강의학과 의국,1577-3773,생명사랑위기대응센터
임실군정신건강복지센터,전라북도,임실군,임실군 임실읍 호국로 1680,063-640-3123,기초 정신건강복지센터
장수군정신건강복지센터,전라북도,장수군,전북 장수군 장수읍 장천로 255-10 1층,063-350-2800,기초 정신건강복지센터
전라북도정신건강복지센터,전라북도,전주시덕진구,전북 전주시 덕진구 정여립로 1115 나눔둥지타운 407호,063-251-0650~1,광역 정신건강복지센터
전주시정신건강복지센터,전라북도,전주시덕진구,전주시 덕진구 벚꽃로55,063-273-6996,기초 정신건강복지센터
대자인병원,전라북도,전주시덕진구,전북특별자치도 전주시 덕진구 도당산 2길 7,063-240-2000,생명사랑위기대응센터
전북대학교병원,전라북도,전주시덕진구,전라북도 전주시 덕진구 건지로 20 전북대학교병원 응급센터 1층 생명사랑save,1577-7877,생명사랑위기대응센터
전주예수병원,전라북도,전주시완산구,전라북도 전주시 완산구 서원로 365 1층 응급센터,063-230-8114,생명사랑위기대응센터
정읍시정신건강복지센터,전라북도,정읍시,정읍시 수성1로 61,063-535-2101,기초 정신건강복지센터
진안군정신건강복지센터,전라북도,진안군,진안군 진안읍 진무로 1189,063-430-8529,기초 정신건강복지센터
서귀포시정신건강복지센터,제주특별자치도,서귀포시,제주특별자치도 서귀포시 중앙로 101번길 52 서귀포보건소 ,064-760-6553,기초 정신건강복지센터
제주특별자치도 서귀포의료원,제주특별자치도,서귀포시,제주특별자치도 서귀포시 장수로 47(동홍동),064-730-3604,생명사랑위기대응센터
제주특별자치도광역자살예방센터,제주특별자치도,제주시,제주특별자치도 제주시 아란13길 15 제주대학교병원 내 별관,064-717-3000,광역 자살예방센터
제주특별자치도광역정신건강복지센터,제주특별자치도,제주시,제주특별자치도 제주시 아란13길 15 제주대학교병원 내 별관,064-717-3000,광역 정신건강복지센터
제주시정신건강복지센터,제주특별자치도,제주시,제주특별자치도 제주시 연삼로 264 제주보건소 2층,064-728-4077,기초 정신건강복지센터
제주대학교병원,제주특별자치도,제주시,제주특별자치도 제주시 아란13길 15 제주대학교병원 생명사랑위기대응센터(지하1층 0532호),064-717-1114,생명사랑위기대응센터
제주한라병원,제주특별자치도,제주시,제주특별자치도 제주시 도령로 65 지하1층 총무과,064-740-5000,생명사랑위기대응센터
계룡시정신건강복지센터,충청남도,계룡시,충청남도 계룡시 장안로 54(금암동) 계룡시보건소 계룡시정신건강복지센터,042-840-3575,기초 정신건강복지센터
공주시정신건강복지센터,충청남도,공주시,충청남도 공주시 금성길 7,"041-852-1094,5,7",기초 정신건강복지센터
금산군정신건강복지센터,충청남도,금산군,충남 금산군 금산로 1559 금산다락원 스포츠센터내 1층,041-751-4721,기초 정신건강복지센터
논산시정신건강복지센터,충청남도,논산시,충청남도 논산시 논산대로 382(관촉동),041-746-8121,기초 정신건강복지센터
당진시정신건강복지센터,충청남도,당진시,충청남도 당진시 서부로 56 당진시보건소 1층 정신건강증진센터,"041-352-4071, 77",기초 정신건강복지센터
보령시보건소정신건강복지센터,충청남도,보령시,충청남도 보령시 남포면 보령남로 234,041-930-5991,기초 정신건강복지센터
부여군보건소정신건강복지센터,충청남도,부여군, 충남 부여군 부여읍 성왕로 205 부여보건소,041-830-8629,기초 정신건강복지센터
서산시정신건강복지센터,충청남도,서산시,충청남도 서산시 호수공원 6로 6(예천동),041-661-6547,기초 정신건강복지센터
서산의료원,충청남도,서산시,충청남도 서산시 중앙로 149 충청남도서산의료원,041-689-7000,생명사랑위기대응센터
서천군정신건강복지센터,충청남도,서천군,충청남도 서천군 서천읍 사곡길 26,041-950-6733,기초 정신건강복지센터
아산시정신건강복지센터,충청남도,아산시,충남 아산시 번영로 224번길 20 (모종동),041-537-3451,기초 정신건강복지센터
아산충무병원,충청남도,아산시,충청남도 아산시 문화로 381 아산충무병원 생명사랑 위기대응센터 (본관 3층),041-536-6666,생명사랑위기대응센터
예산군정신건강복지센터,충청남도,예산군,"충청남도 예산군 예산읍 군청로22, 예산군보건소 내 3층 예산군정신건강복지센터",041-339-6115,기초 정신건강복지센터
천안시동남구자살예방센터,충청남도,천안시동남구,"충청남도 천안시 동남구 버들로 40, 1층",041-521-5012,기초 자살예방센터
천안시동남구정신건강복지센터,충청남도,천안시동남구,"충청남도 천안시 동남구 버들로 40, 1층",041-521-5012,기초 정신건강복지센터
단국대학교의과대학부속병원,충청남도,천안시동남구,충청남도 천안시 동남구 망향로 201 단국대학교의과대학 부속병원 1층 생명사랑위기대응센터,1588-0063,생명사랑위기대응센터
순천향대학교 부속 천안병원,충청남도,천안시동남구,"충청남도 천안시 동남구 순천향4길 40, 302호",041-570-2114,생명사랑위기대응센터
천안시서북구자살예방센터,충청남도,천안시서북구,충남 천안시 서북구 서부8길 29 2층 정신건강복지센터,041-571-0199,기초 자살예방센터
천안시서북구정신건강복지센터,충청남도,천안시서북구,충남 천안시 서북구 서부8길 29 2층 정신건강복지센터,041-578-9709~11,기초 정신건강복지센터
천안충무병원(영서의료재단),충청남도,천안시서북구,충청남도 천안시 서북구 다가말3길 8 천안충무병원 신관3층 생명사랑위기대응센터,041-570-7555,생명사랑위기대응센터
청양군보건의료원 정신건강복지센터,충청남도,청양군,충남 청양군 청양읍 칠갑산로7길 54 청양군 보건의료원,041-940-4543,기초 정신건강복지센터
태안군보건의료원 정신건강복지센터,충청남도,태안군,"충청남도 태안군 태안읍 서해로 1952-16(보건의료원), 어르신센터 3층 정신건강복지센터",041-671-5396~9,기초 정신건강복지센터
충청남도자살예방센터,충청남도,홍성군,충청남도 홍성군 홍북읍 충남대로 21 충남도청 별관동 3층 301호,041-633-9185,광역 자살예방센터
충청남도광역정신건강복지센터,충청남도,홍성군,충청남도 홍성군 홍북읍 충남대로 21 충남도청 별관동 3층 301호  ,041-633-9183,광역 정신건강복지센터
홍성군정신건강복지센터,충청남도,홍성군,"충남 홍성군 홍성읍 문화로 106, 별관 1층",041-630-9759,기초 정신건강복지센터
홍성의료원,충청남도,홍성군,충남 홍성군 홍성읍 조양로 224,041-630-6114,생명사랑위기대응센터
괴산군정신건강복지센터,충청북도,괴산군,충청북도 괴산군 괴산읍 동진천길43 별관2층,043-832-0330,기초 정신건강복지센터
단양군정신건강복지센터,충청북도,단양군,충청북도 단양군 단양읍 삼봉로53,043-420-3257~9,기초 정신건강복지센터
보은군정신건강복지센터,충청북도,보은군,충청북도 보은군 보은읍 동광길 45,043-544-6991~2,기초 정신건강복지센터
청주시상당정신건강복지센터,충청북도,상당구,충청북도 청주시 상당구 남일면 단재로 480,043-298-0199,기초 정신건강복지센터
효성병원,충청북도,상당구,충청북도 청주시 상당구 쇠내로 16 효성병원,043-221-5000,생명사랑위기대응센터
충청북도광역정신건강복지센터,충청북도,서원구,충청북도 청주시 서원구 1순환로 771 보덕빌딩 2층 ,043-217-0597,광역 정신건강복지센터
청주시서원정신건강복지센터,충청북도,서원구,충청북도 청주시 서원구 구룡산로 235 위너스빌딩 4층,043-291-0199,기초 정신건강복지센터
충북대학교병원,충청북도,서원구,충청북도 청주시 서원구 1순환로 776,043-269-7420,생명사랑위기대응센터
영동군정신건강복지센터,충청북도,영동군,충청북도 영동군 영동읍 반곡동길 7 영동군보건소,043-740-5610,기초 정신건강복지센터
옥천군정신건강복지센터,충청북도,옥천군,충청북도 옥천군 옥천읍 삼양로8길 10 옥천군보건소 건강증진센터 3층,043-730-2199,기초 정신건강복지센터
음성군정신건강복지센터,충청북도,음성군,충북 음성군 음성읍 중앙로 49 3층 음성군 정신건강복지센터,043-872-1883,기초 정신건강복지센터
제천시정신건강복지센터,충청북도,제천시,충청북도 제천시 의림대로 242 종합보건복지센터 3층,043-646-3074~5,기초 정신건강복지센터
증평군정신건강복지센터,충청북도,증평군,충청북도 증평군 증평읍 보건복지로 64-1,043-835-4276~9,기초 정신건강복지센터
진천군정신건강복지센터,충청북도,진천군,충청북도 진천군 진천읍 중앙북1길 11-8 진천군보건소 별관 2층,043-536-8387,기초 정신건강복지센터
청주시청원정신건강복지센터,충청북도,청원구,충정북도 청주시 청원구 오창읍 과학산업 3로 238 청원보건소 1층,043-215-6868,기초 정신건강복지센터
충주시정신건강복지센터,충청북도,충주시,충북 충주시 사직산21길 34 충주시정신건강복지센터,043-855-4006,기초 정신건강복지센터
청주시흥덕정신건강복지센터,충청북도,흥덕구,충청북도 청주시 흥덕구 비하로 15번길 16,043-234-8686,기초 정신건강복지센터
청주하나병원,충청북도,흥덕구,충청북도 청주시 흥덕구 2순환로 1262 청주하나병원,,생명사랑위기대응센터
